tender_id,category,officer_id,estimate_value_lakhs,file_received_date,bidders_participated,tba_rejected,cba_rejected,qualified_bidders,l1_value_lakhs,revised_l1_value_lakhs,post_pbo_review_type,negotiation_required,nit_date,tender_floating_date,technical_bid_opening_date,tba_date,cba_date,pbo_date,price_comparison_date,workability_reasonability_date,negotiation_date,award_approval_date,order_issued_date,tender_status,cancellation_reason,remarks,current_stage,pending_with,end_date_for_sla,cycle_days,delay_days,sla_status
IOC/BD/26-27/001,WRK,O-07,2098.14,2026-01-01,7.0,2.0,0.0,5.0,2683.15,2459.26,Reasonability,Yes,2026-01-05,2026-01-08,2026-01-24,2026-02-02,2026-02-09,2026-02-12,2026-02-11,2026-02-14,2026-02-19,2026-03-19,2026-03-17,Completed,,Order issued after SLA due to evaluation/approval delay,Order Issued,Closed,2026-03-17,75,15,Completed Delayed
IOC/BD/26-27/002,SER,O-05,14.05,2026-01-02,,,,,,,,No,2026-01-05,,,,,,,,,,,Under Process,,Tender floated; bids awaited,Pending Tender Floating,GM Contracts,2026-06-26,175,115,Running Delayed
IOC/BD/26-27/003,MAT,O-01,14.26,2026-01-03,4.0,0.0,0.0,4.0,14.45,,Reasonability,No,2026-01-06,2026-01-09,2026-01-27,2026-02-03,2026-02-08,2026-02-10,2026-02-11,2026-02-14,,2026-02-18,2026-02-27,Completed,,Order issued and tender closed,Order Issued,Closed,2026-02-27,55,0,Completed Within SLA
IOC/BD/26-27/004,MAT,O-01,86.97,2026-01-03,6.0,0.0,0.0,6.0,82.23,,Not Required,No,2026-01-06,2026-01-09,2026-01-27,2026-02-03,2026-02-07,2026-02-11,2026-02-12,,,2026-02-16,2026-03-01,Completed,,Order issued and tender closed,Order Issued,Closed,2026-03-01,57,0,Completed Within SLA
IOC/BD/26-27/005,MAT,O-03,625.35,2026-01-04,9.0,0.0,0.0,9.0,515.69,,Workability,No,2026-01-09,2026-01-11,2026-01-29,2026-02-07,2026-02-13,2026-02-15,2026-02-12,2026-02-16,,2026-03-22,2026-04-01,Completed,,Order issued after SLA due to evaluation/approval delay,Order Issued,Closed,2026-04-01,87,27,Completed Delayed
IOC/BD/26-27/006,MAT,O-03,697.47,2026-01-05,9.0,0.0,0.0,9.0,569.62,,Workability,No,2026-01-08,2026-01-12,2026-01-28,2026-02-04,2026-02-10,2026-02-13,2026-02-14,2026-02-17,,2026-02-20,2026-02-21,Completed,,Order issued and tender closed,Order Issued,Closed,2026-02-21,47,0,Completed Within SLA
IOC/BD/26-27/007,MAT,O-02,14.71,2026-01-06,8.0,0.0,0.0,8.0,15.45,,Reasonability,No,2026-01-09,2026-01-13,2026-01-30,2026-02-05,2026-02-10,2026-02-13,2026-02-15,2026-02-17,,2026-03-03,2026-02-27,Completed,,Order issued and tender closed,Order Issued,Closed,2026-02-27,52,0,Completed Within SLA
IOC/BD/26-27/008,MAT,O-02,943.99,2026-01-06,6.0,0.0,0.0,6.0,899.11,,Not Required,No,2026-01-10,2026-01-14,2026-01-31,2026-02-05,2026-02-15,2026-02-13,2026-02-18,,,2026-03-12,2026-04-04,Completed,,Order issued after SLA due to evaluation/approval delay,Order Issued,Closed,2026-04-04,88,28,Completed Delayed
IOC/BD/26-27/009,SER,O-09,716.91,2026-01-07,8.0,0.0,0.0,8.0,569.76,,Workability,No,2026-01-12,2026-01-13,2026-01-31,2026-02-09,2026-02-15,2026-02-14,2026-02-18,2026-02-21,,2026-03-16,2026-03-13,Completed,,Order issued after SLA due to evaluation/approval delay,Order Issued,Closed,2026-03-13,65,5,Completed Delayed
IOC/BD/26-27/010,SER,O-08,863.78,2026-01-08,6.0,3.0,0.0,3.0,875.04,,Reasonability,No,2026-01-12,2026-01-15,2026-02-01,2026-02-07,2026-02-13,2026-02-16,2026-02-17,2026-02-20,,2026-02-24,2026-03-05,Completed,,Order issued and tender closed,Order Issued,Closed,2026-03-05,56,0,Completed Within SLA
IOC/BD/26-27/011,SER,O-04,706.02,2026-01-09,3.0,0.0,0.0,3.0,528.63,,Workability,No,2026-01-13,2026-01-17,2026-02-03,2026-02-13,2026-02-16,2026-02-17,2026-02-20,2026-02-21,,2026-03-19,2026-03-24,Completed,,Order issued after SLA due to evaluation/approval delay,Order Issued,Closed,2026-03-24,74,14,Completed Delayed
IOC/BD/26-27/012,SER,O-10,706.72,2026-01-09,7.0,0.0,0.0,7.0,,,,No,2026-01-12,2026-01-15,2026-02-01,2026-02-12,2026-02-16,,,,,,,Under Process,,File forwarded for PBO approval,Pending PBO Approval,GM Contracts / Finance GM,2026-06-26,168,108,Running Delayed
IOC/BD/26-27/013,MAT,O-02,549.6,2026-01-10,8.0,0.0,0.0,8.0,643.61,607.45,Reasonability,Yes,2026-01-13,2026-01-16,2026-02-03,2026-02-10,2026-02-14,2026-02-18,2026-02-18,2026-02-21,2026-02-26,2026-03-02,2026-02-25,Completed,,Order issued and tender closed,Order Issued,Closed,2026-02-25,46,0,Completed Within SLA
IOC/BD/26-27/014,WRK,O-05,431.37,2026-01-11,8.0,0.0,0.0,8.0,509.23,437.63,Reasonability,Yes,2026-01-14,2026-01-17,2026-02-03,2026-02-11,2026-02-16,2026-02-19,2026-02-19,2026-02-23,2026-02-28,2026-03-03,2026-03-10,Completed,,Order issued and tender closed,Order Issued,Closed,2026-03-10,58,0,Completed Within SLA
IOC/BD/26-27/015,SER,O-08,3990.98,2026-01-12,6.0,0.0,0.0,6.0,4644.44,4081.1,Reasonability,Yes,2026-01-15,2026-01-19,2026-02-05,2026-02-13,2026-02-16,2026-02-20,2026-02-22,2026-02-25,2026-03-04,2026-03-21,2026-03-26,Completed,,Order issued after SLA due to evaluation/approval delay,Order Issued,Closed,2026-03-26,73,13,Completed Delayed
IOC/BD/26-27/016,MAT,O-02,77.86,2026-01-12,4.0,1.0,0.0,3.0,80.7,,Reasonability,No,2026-01-15,2026-01-19,2026-02-04,2026-02-12,2026-02-16,2026-02-19,2026-02-21,2026-02-24,,2026-03-06,2026-03-09,Completed,,Order issued and tender closed,Order Issued,Closed,2026-03-09,56,0,Completed Within SLA
IOC/BD/26-27/017,MAT,O-02,1713.92,2026-01-13,7.0,0.0,0.0,7.0,2105.29,1955.8,Reasonability,Yes,2026-01-17,2026-01-19,2026-02-07,2026-02-13,2026-02-18,2026-02-20,2026-02-22,2026-02-27,2026-03-06,2026-03-24,2026-04-04,Completed,,Order issued after SLA due to evaluation/approval delay,Order Issued,Closed,2026-04-04,81,21,Completed Delayed
IOC/BD/26-27/018,SER,O-10,36.15,2026-01-14,7.0,0.0,0.0,7.0,36.88,,Reasonability,No,2026-01-17,2026-01-21,2026-02-06,2026-02-14,2026-02-18,2026-02-21,2026-02-23,2026-02-26,,2026-02-27,2026-03-02,Completed,,Order issued and tender closed,Order Issued,Closed,2026-03-02,47,0,Completed Within SLA
IOC/BD/26-27/019,SER,O-05,655.16,2026-01-15,5.0,,,,,,,No,2026-01-19,2026-01-21,2026-02-07,,,,,,,,,Under Process,,Technical evaluation in progress,Pending TBA,Officer,2026-06-26,162,102,Running Delayed
IOC/BD/26-27/020,SER,O-09,7911.02,2026-01-15,5.0,0.0,0.0,5.0,9108.54,8058.72,Reasonability,Yes,2026-01-19,2026-01-21,2026-02-07,2026-02-14,2026-02-20,2026-02-22,2026-02-23,2026-02-26,2026-03-03,2026-03-07,2026-03-07,Completed,,Order issued and tender closed,Order Issued,Closed,2026-03-07,51,0,Completed Within SLA
IOC/BD/26-27/021,SER,O-04,98.29,2026-01-16,4.0,0.0,0.0,4.0,81.97,,Workability,No,2026-01-19,2026-01-22,2026-02-08,2026-02-16,2026-02-20,2026-02-24,2026-02-24,2026-02-28,,2026-03-06,2026-03-08,Completed,,Order issued and tender closed,Order Issued,Closed,2026-03-08,51,0,Completed Within SLA
IOC/BD/26-27/022,MAT,O-01,640.91,2026-01-17,8.0,2.0,0.0,6.0,457.11,,Workability,No,2026-01-20,2026-01-23,2026-02-09,2026-02-16,2026-02-21,2026-02-24,2026-02-25,2026-02-28,,2026-02-26,2026-03-10,Completed,,Order issued and tender closed,Order Issued,Closed,2026-03-10,52,0,Completed Within SLA
IOC/BD/26-27/023,SER,O-08,664.33,2026-01-18,6.0,1.0,0.0,5.0,591.71,,Not Required,No,2026-01-22,2026-01-24,2026-02-10,2026-02-18,2026-02-23,2026-02-26,2026-02-27,,,2026-02-27,2026-03-14,Completed,,Order issued and tender closed,Order Issued,Closed,2026-03-14,55,0,Completed Within SLA
IOC/BD/26-27/024,MAT,O-02,181.47,2026-01-18,5.0,0.0,0.0,5.0,185.34,,Reasonability,No,2026-01-22,2026-01-25,2026-02-10,2026-02-18,2026-02-23,2026-02-25,2026-02-27,2026-03-02,,2026-03-08,2026-03-05,Completed,,Order issued and tender closed,Order Issued,Closed,2026-03-05,46,0,Completed Within SLA
IOC/BD/26-27/025,WRK,O-05,531.84,2026-01-19,5.0,0.0,1.0,4.0,648.56,573.77,Reasonability,Yes,2026-01-23,2026-01-26,2026-02-11,2026-02-19,2026-02-23,2026-02-26,2026-02-27,2026-03-03,2026-03-08,2026-03-11,2026-03-07,Completed,,Order issued and tender closed,Order Issued,Closed,2026-03-07,47,0,Completed Within SLA
IOC/BD/26-27/026,SER,O-08,26.15,2026-01-20,9.0,2.0,0.0,7.0,30.18,27.38,Reasonability,Yes,2026-01-24,2026-01-26,2026-02-13,2026-02-20,2026-02-25,2026-02-28,2026-02-28,2026-03-04,2026-03-09,2026-03-13,2026-03-16,Completed,,Order issued and tender closed,Order Issued,Closed,2026-03-16,55,0,Completed Within SLA
IOC/BD/26-27/027,MAT,O-01,92.89,2026-01-21,7.0,0.0,0.0,7.0,87.77,,Not Required,No,2026-01-24,2026-01-29,2026-02-14,2026-02-23,2026-03-01,2026-03-02,2026-03-01,,,,,Under Process,,Price reasonability/workability under review,Pending Workability/Reasonability,Finance GM,2026-06-26,156,96,Running Delayed
IOC/BD/26-27/028,SER,O-10,33.35,2026-01-21,9.0,0.0,0.0,9.0,40.67,37.75,Reasonability,Yes,2026-01-25,2026-01-27,2026-02-14,2026-02-20,2026-02-25,2026-02-28,2026-03-01,2026-03-05,2026-03-09,2026-03-13,2026-03-16,Completed,,Order issued and tender closed,Order Issued,Closed,2026-03-16,54,0,Completed Within SLA
IOC/BD/26-27/029,MAT,O-02,976.29,2026-01-22,5.0,3.0,1.0,1.0,,,,No,2026-01-25,2026-01-28,2026-02-14,2026-02-21,2026-02-26,,,,,,,Cancelled,Less than 2 bidders left after evaluation,Tender cancelled as less than 2 bidders remained after evaluation,Pending PBO Approval,GM Contracts / Finance GM,2026-06-26,155,95,Cancelled
IOC/BD/26-27/030,MAT,O-03,167.55,2026-01-23,12.0,0.0,2.0,10.0,149.3,,Not Required,No,2026-01-27,2026-01-30,2026-02-15,2026-02-23,2026-02-28,2026-03-02,2026-03-03,,,2026-03-20,2026-03-16,Completed,,Order issued and tender closed,Order Issued,Closed,2026-03-16,52,0,Completed Within SLA
IOC/BD/26-27/031,MAT,O-02,87.24,2026-01-24,8.0,0.0,1.0,7.0,81.12,,Not Required,No,2026-01-28,2026-01-30,2026-02-17,2026-02-27,2026-03-04,2026-03-07,2026-03-07,,,2026-04-05,2026-04-22,Completed,,Order issued after SLA due to evaluation/approval delay,Order Issued,Closed,2026-04-22,88,28,Completed Delayed
IOC/BD/26-27/032,SER,O-06,665.0,2026-01-24,2.0,,,,,,,No,2026-01-27,2026-01-30,2026-02-16,,,,,,,,,Cancelled,Less than 3 bidders participated,Tender cancelled due to less than 3 bidders,Pending TBA,Officer,2026-06-26,153,93,Cancelled
IOC/BD/26-27/033,SER,O-05,65.99,2026-01-25,5.0,,,,,,,No,2026-01-28,2026-02-02,2026-02-18,,,,,,,,,Under Process,,Technical evaluation in progress,Pending TBA,Officer,2026-06-26,152,92,Running Delayed
IOC/BD/26-27/034,WRK,O-04,523.4,2026-01-26,4.0,0.0,0.0,4.0,590.44,527.74,Reasonability,Yes,2026-01-31,2026-02-02,2026-02-20,2026-02-27,2026-03-07,2026-03-06,2026-03-08,2026-03-09,2026-03-19,2026-03-31,2026-04-09,Completed,,Order issued after SLA due to evaluation/approval delay,Order Issued,Closed,2026-04-09,73,13,Completed Delayed
IOC/BD/26-27/035,MAT,O-03,863.14,2026-01-27,4.0,0.0,0.0,4.0,893.19,,Reasonability,No,2026-01-30,2026-02-03,2026-02-20,2026-02-27,2026-03-04,2026-03-06,2026-03-08,2026-03-11,,2026-03-16,2026-03-27,Completed,,Order issued and tender closed,Order Issued,Closed,2026-03-27,59,0,Completed Within SLA
IOC/BD/26-27/036,SER,O-07,432.19,2026-01-27,3.0,0.0,0.0,3.0,409.14,,Not Required,No,2026-01-31,2026-02-02,2026-02-22,2026-02-27,2026-03-08,2026-03-09,2026-03-07,,,2026-04-04,2026-04-10,Completed,,Order issued after SLA due to evaluation/approval delay,Order Issued,Closed,2026-04-10,73,13,Completed Delayed
IOC/BD/26-27/037,WRK,O-07,68.55,2026-01-28,4.0,2.0,0.0,2.0,57.25,,Workability,No,2026-01-31,2026-02-03,2026-02-21,2026-02-28,2026-03-04,2026-03-07,2026-03-08,2026-03-11,,2026-03-14,2026-03-17,Completed,,Order issued and tender closed,Order Issued,Closed,2026-03-17,48,0,Completed Within SLA
IOC/BD/26-27/038,SER,O-05,54.85,2026-01-29,3.0,0.0,0.0,3.0,62.51,54.54,Reasonability,Yes,2026-02-02,2026-02-04,2026-02-22,2026-03-01,2026-03-06,2026-03-08,2026-03-10,2026-03-12,2026-03-17,2026-03-21,2026-03-25,Completed,,Order issued and tender closed,Order Issued,Closed,2026-03-25,55,0,Completed Within SLA
IOC/BD/26-27/039,SER,O-07,512.28,2026-01-30,8.0,0.0,0.0,8.0,462.92,,Not Required,No,2026-02-02,2026-02-06,2026-02-22,2026-03-01,2026-03-07,2026-03-09,2026-03-11,,,2026-04-08,2026-04-17,Completed,,Order issued after SLA due to evaluation/approval delay,Order Issued,Closed,2026-04-17,77,17,Completed Delayed
IOC/BD/26-27/040,WRK,O-04,16.3,2026-01-30,8.0,,,,,,,No,2026-02-03,2026-02-06,2026-02-23,,,,,,,,,Under Process,,Technical evaluation in progress,Pending TBA,Officer,2026-06-26,147,87,Running Delayed
IOC/BD/26-27/041,SER,O-07,7676.96,2026-01-31,3.0,0.0,0.0,3.0,7185.43,,Not Required,No,2026-02-03,2026-02-06,2026-02-24,2026-03-03,2026-03-07,2026-03-10,2026-03-12,,,2026-03-19,2026-03-20,Completed,,Order issued and tender closed,Order Issued,Closed,2026-03-20,48,0,Completed Within SLA
IOC/BD/26-27/042,SER,O-06,88.36,2026-02-01,3.0,0.0,0.0,3.0,71.79,,Workability,No,2026-02-05,2026-02-08,2026-02-24,2026-03-04,2026-03-09,2026-03-11,2026-03-12,2026-03-16,,2026-03-15,2026-03-30,Completed,,Order issued and tender closed,Order Issued,Closed,2026-03-30,57,0,Completed Within SLA
IOC/BD/26-27/043,SER,O-04,568.09,2026-02-02,17.0,4.0,0.0,13.0,637.71,591.04,Reasonability,Yes,2026-02-06,2026-02-08,2026-02-27,2026-03-08,2026-03-12,2026-03-15,2026-03-13,2026-03-16,2026-03-21,2026-04-16,2026-04-17,Completed,,Order issued after SLA due to evaluation/approval delay,Order Issued,Closed,2026-04-17,74,14,Completed Delayed
IOC/BD/26-27/044,MAT,O-03,85.51,2026-02-02,20.0,0.0,0.0,20.0,93.3,88.0,Reasonability,Yes,2026-02-07,2026-02-10,2026-02-25,2026-03-06,2026-03-10,2026-03-13,2026-03-14,2026-03-16,2026-03-24,,,Under Process,,Award approval under process,Pending Award Approval,GM Contracts / Finance GM,2026-06-26,144,84,Running Delayed
IOC/BD/26-27/045,WRK,O-05,18.1,2026-02-03,9.0,0.0,0.0,9.0,15.18,,Workability,No,2026-02-06,2026-02-10,2026-02-27,2026-03-06,2026-03-10,2026-03-13,2026-03-15,2026-03-18,,2026-03-25,2026-04-03,Completed,,Order issued and tender closed,Order Issued,Closed,2026-04-03,59,0,Completed Within SLA
IOC/BD/26-27/046,MAT,O-01,678.51,2026-02-04,6.0,0.0,,,,,,No,2026-02-07,2026-02-10,2026-02-28,2026-03-06,,,,,,,,Under Process,,Commercial evaluation in progress,Pending CBA,Officer,2026-06-26,142,82,Running Delayed
IOC/BD/26-27/047,MAT,O-03,88.77,2026-02-05,5.0,0.0,0.0,5.0,83.17,,Not Required,No,2026-02-09,2026-02-12,2026-03-01,2026-03-11,2026-03-17,2026-03-17,2026-03-20,,,2026-04-21,2026-04-30,Completed,,Order issued after SLA due to evaluation/approval delay,Order Issued,Closed,2026-04-30,84,24,Completed Delayed
IOC/BD/26-27/048,SER,O-09,53.24,2026-02-05,3.0,0.0,0.0,3.0,,,,No,2026-02-08,2026-02-13,2026-03-03,2026-03-08,2026-03-12,2026-03-15,,,,,,Under Process,,Price comparison statement under preparation,Pending Price Comparison,Officer,2026-06-26,141,81,Running Delayed
IOC/BD/26-27/049,SER,O-04,854.73,2026-02-06,8.0,0.0,0.0,8.0,916.09,,Reasonability,No,2026-02-10,2026-02-13,2026-03-01,2026-03-08,2026-03-13,2026-03-16,2026-03-18,2026-03-20,,2026-03-27,2026-03-30,Completed,,Order issued and tender closed,Order Issued,Closed,2026-03-30,52,0,Completed Within SLA
IOC/BD/26-27/050,SER,O-09,293.79,2026-02-07,8.0,0.0,0.0,8.0,222.85,,Workability,No,2026-02-10,2026-02-13,2026-03-03,2026-03-11,2026-03-15,2026-03-19,2026-03-18,2026-03-24,,2026-04-14,2026-04-11,Completed,,Order issued after SLA due to evaluation/approval delay,Order Issued,Closed,2026-04-11,63,3,Completed Delayed
IOC/BD/26-27/051,SER,O-08,655.5,2026-02-08,5.0,0.0,0.0,5.0,563.74,,Not Required,No,2026-02-11,2026-02-15,2026-03-04,2026-03-10,2026-03-15,2026-03-19,2026-03-19,,,2026-04-02,2026-04-08,Completed,,Order issued and tender closed,Order Issued,Closed,2026-04-08,59,0,Completed Within SLA
IOC/BD/26-27/052,MAT,O-01,7002.32,2026-02-08,10.0,2.0,0.0,8.0,7122.76,,Reasonability,No,2026-02-11,2026-02-14,2026-03-04,2026-03-10,2026-03-15,2026-03-18,2026-03-19,2026-03-23,,2026-03-25,2026-04-05,Completed,,Order issued and tender closed,Order Issued,Closed,2026-04-05,56,0,Completed Within SLA
IOC/BD/26-27/053,SER,O-08,538.08,2026-02-09,16.0,0.0,0.0,16.0,476.74,,Not Required,No,2026-02-12,2026-02-16,2026-03-04,2026-03-12,2026-03-16,2026-03-19,2026-03-20,,,2026-04-02,2026-04-08,Completed,,Order issued and tender closed,Order Issued,Closed,2026-04-08,58,0,Completed Within SLA
IOC/BD/26-27/054,SER,O-07,64.89,2026-02-10,,,,,,,,No,2026-02-13,2026-02-16,,,,,,,,,,Cancelled,Change in PQC after tender floating,Tender cancelled due to change in PQC after floating,Pending Technical Bid Opening,Officer,2026-06-26,136,76,Cancelled
IOC/BD/26-27/055,SER,O-04,905.81,2026-02-11,13.0,4.0,0.0,9.0,967.2,,Reasonability,No,2026-02-16,2026-02-18,2026-03-07,2026-03-18,2026-03-20,2026-03-21,2026-03-23,2026-03-28,,2026-04-14,2026-05-09,Completed,,Order issued after SLA due to evaluation/approval delay,Order Issued,Closed,2026-05-09,87,27,Completed Delayed
IOC/BD/26-27/056,SER,O-10,7354.6,2026-02-11,6.0,0.0,0.0,6.0,5950.22,,Workability,No,2026-02-15,2026-02-18,2026-03-06,2026-03-14,2026-03-19,2026-03-21,2026-03-22,2026-03-25,,2026-03-28,2026-04-01,Completed,,Order issued and tender closed,Order Issued,Closed,2026-04-01,49,0,Completed Within SLA
IOC/BD/26-27/057,SER,O-04,778.96,2026-02-12,5.0,0.0,0.0,5.0,837.84,,Reasonability,No,2026-02-17,2026-02-18,2026-03-07,2026-03-14,2026-03-19,2026-03-24,2026-03-26,2026-03-30,,2026-04-23,2026-04-30,Completed,,Order issued after SLA due to evaluation/approval delay,Order Issued,Closed,2026-04-30,77,17,Completed Delayed
IOC/BD/26-27/058,WRK,O-09,9623.26,2026-02-13,16.0,0.0,0.0,16.0,12165.62,11546.71,Reasonability,Yes,2026-02-17,2026-02-19,2026-03-08,2026-03-16,2026-03-20,2026-03-23,2026-03-24,2026-03-27,2026-04-01,2026-04-05,2026-04-09,Completed,,Order issued and tender closed,Order Issued,Closed,2026-04-09,55,0,Completed Within SLA
IOC/BD/26-27/059,SER,O-09,775.93,2026-02-14,,,,,,,,No,2026-02-18,2026-02-22,,,,,,,,,,Under Process,,Technical bid opening due,Pending Technical Bid Opening,Officer,2026-06-26,132,72,Running Delayed
IOC/BD/26-27/060,SER,O-07,52.92,2026-02-14,10.0,0.0,0.0,10.0,48.74,,,No,2026-02-17,2026-02-20,2026-03-09,2026-03-16,2026-03-21,2026-03-24,2026-03-25,,,,,Cancelled,L1 bidder backed out after PBO,Tender cancelled as L1 bidder backed out after PBO,Pending Workability/Reasonability,Finance GM,2026-06-26,132,72,Cancelled
IOC/BD/26-27/061,MAT,O-02,15.77,2026-02-15,,,,,,,,No,,,,,,,,,,,,Under Process,,NIT draft under preparation,Pending NIT,Officer,2026-06-26,131,71,Running Delayed
IOC/BD/26-27/062,SER,O-05,176.73,2026-02-16,7.0,0.0,0.0,7.0,133.99,,Workability,No,2026-02-20,2026-02-22,2026-03-11,2026-03-19,2026-03-23,2026-03-26,2026-03-28,2026-03-30,,2026-04-03,2026-04-16,Completed,,Order issued and tender closed,Order Issued,Closed,2026-04-16,59,0,Completed Within SLA
IOC/BD/26-27/063,SER,O-08,941.03,2026-02-17,5.0,0.0,0.0,5.0,722.07,,Workability,No,2026-02-21,2026-02-24,2026-03-12,2026-03-20,2026-03-24,2026-03-28,2026-03-29,2026-04-01,,2026-04-09,2026-04-08,Completed,,Order issued and tender closed,Order Issued,Closed,2026-04-08,50,0,Completed Within SLA
IOC/BD/26-27/064,SER,O-04,594.95,2026-02-17,8.0,2.0,0.0,6.0,635.83,,Reasonability,No,2026-02-21,2026-02-23,2026-03-12,2026-03-20,2026-03-25,2026-03-27,2026-03-29,2026-03-31,,2026-04-08,2026-04-13,Completed,,Order issued and tender closed,Order Issued,Closed,2026-04-13,55,0,Completed Within SLA
IOC/BD/26-27/065,MAT,O-02,652.33,2026-02-18,3.0,0.0,0.0,3.0,830.24,781.55,Reasonability,Yes,2026-02-22,2026-02-25,2026-03-14,2026-03-20,2026-03-26,2026-03-28,2026-03-30,2026-04-01,2026-04-07,2026-04-10,2026-04-05,Completed,,Order issued and tender closed,Order Issued,Closed,2026-04-05,46,0,Completed Within SLA
IOC/BD/26-27/066,SER,O-10,96.34,2026-02-19,8.0,2.0,0.0,6.0,73.26,,Workability,No,2026-02-23,2026-02-25,2026-03-15,2026-03-22,2026-03-26,2026-03-30,2026-03-30,2026-04-03,,2026-04-05,2026-04-13,Completed,,Order issued and tender closed,Order Issued,Closed,2026-04-13,53,0,Completed Within SLA
IOC/BD/26-27/067,SER,O-08,3150.0,2026-02-20,8.0,0.0,0.0,8.0,3365.11,,Reasonability,No,2026-02-23,2026-02-26,2026-03-15,2026-03-22,2026-03-27,2026-03-30,2026-04-01,2026-04-04,,2026-04-12,2026-04-08,Completed,,Order issued and tender closed,Order Issued,Closed,2026-04-08,47,0,Completed Within SLA
IOC/BD/26-27/068,SER,O-08,225.65,2026-02-21,3.0,1.0,0.0,2.0,171.83,,Workability,No,2026-02-24,2026-02-27,2026-03-17,2026-03-23,2026-03-28,2026-04-01,2026-04-01,2026-04-05,,2026-04-16,2026-04-07,Completed,,Order issued and tender closed,Order Issued,Closed,2026-04-07,45,0,Completed Within SLA
IOC/BD/26-27/069,SER,O-08,15.89,2026-02-21,9.0,1.0,0.0,8.0,18.9,17.08,Reasonability,Yes,2026-02-24,2026-02-28,2026-03-17,2026-03-25,2026-04-01,2026-03-31,2026-04-04,2026-04-07,2026-04-12,2026-04-25,2026-04-26,Completed,,Order issued after SLA due to evaluation/approval delay,Order Issued,Closed,2026-04-26,64,4,Completed Delayed
IOC/BD/26-27/070,SER,O-07,53.72,2026-02-22,4.0,0.0,0.0,4.0,57.5,,Reasonability,No,2026-02-25,2026-02-28,2026-03-18,2026-03-25,2026-03-29,2026-04-02,2026-04-02,2026-04-05,,2026-04-17,2026-04-16,Completed,,Order issued and tender closed,Order Issued,Closed,2026-04-16,53,0,Completed Within SLA
IOC/BD/26-27/071,SER,O-05,434.99,2026-02-23,12.0,0.0,0.0,12.0,452.27,,Reasonability,No,2026-02-27,2026-03-01,2026-03-19,2026-03-26,2026-03-31,2026-04-03,2026-04-04,2026-04-06,,2026-04-19,2026-04-14,Completed,,Order issued and tender closed,Order Issued,Closed,2026-04-14,50,0,Completed Within SLA
IOC/BD/26-27/072,SER,O-05,172.59,2026-02-24,4.0,2.0,0.0,2.0,204.73,180.83,Reasonability,Yes,2026-02-28,2026-03-02,2026-03-19,2026-03-27,2026-03-31,2026-04-04,2026-04-04,2026-04-07,2026-04-13,2026-04-15,2026-04-14,Completed,,Order issued and tender closed,Order Issued,Closed,2026-04-14,49,0,Completed Within SLA
IOC/BD/26-27/073,SER,O-08,56.49,2026-02-24,4.0,0.0,0.0,4.0,46.9,,Workability,No,2026-02-28,2026-03-02,2026-03-20,2026-03-26,2026-03-31,2026-04-03,2026-04-05,2026-04-08,,2026-04-20,2026-04-14,Completed,,Order issued and tender closed,Order Issued,Closed,2026-04-14,49,0,Completed Within SLA
IOC/BD/26-27/074,MAT,O-01,5830.49,2026-02-25,9.0,1.0,0.0,8.0,5365.87,,Not Required,No,2026-03-01,2026-03-03,2026-03-23,2026-03-27,2026-04-01,2026-04-05,2026-04-09,,,2026-05-01,2026-05-11,Completed,,Order issued after SLA due to evaluation/approval delay,Order Issued,Closed,2026-05-11,75,15,Completed Delayed
IOC/BD/26-27/075,SER,O-06,684.38,2026-02-26,3.0,1.0,0.0,2.0,511.54,,Workability,No,2026-03-02,2026-03-05,2026-03-21,2026-03-29,2026-04-04,2026-04-09,2026-04-08,2026-04-12,,2026-05-06,2026-05-16,Completed,,Order issued after SLA due to evaluation/approval delay,Order Issued,Closed,2026-05-16,79,19,Completed Delayed
IOC/BD/26-27/076,SER,O-04,80.31,2026-02-27,5.0,0.0,0.0,5.0,82.33,,Reasonability,No,2026-03-02,2026-03-05,2026-03-24,2026-03-30,2026-04-04,2026-04-07,2026-04-11,2026-04-14,,2026-05-07,2026-05-18,Completed,,Order issued after SLA due to evaluation/approval delay,Order Issued,Closed,2026-05-18,80,20,Completed Delayed
IOC/BD/26-27/077,SER,O-04,666.13,2026-02-27,9.0,0.0,1.0,8.0,628.56,,Not Required,No,2026-03-03,2026-03-06,2026-03-23,2026-03-30,2026-04-06,2026-04-06,2026-04-08,,,2026-05-13,2026-05-06,Completed,,Order issued after SLA due to evaluation/approval delay,Order Issued,Closed,2026-05-06,68,8,Completed Delayed
IOC/BD/26-27/078,SER,O-10,92.95,2026-02-28,7.0,1.0,0.0,6.0,82.62,,Not Required,No,2026-03-05,2026-03-08,2026-03-23,2026-04-04,2026-04-04,2026-04-10,2026-04-12,,,2026-05-02,2026-05-17,Completed,,Order issued after SLA due to evaluation/approval delay,Order Issued,Closed,2026-05-17,78,18,Completed Delayed
IOC/BD/26-27/079,SER,O-10,858.76,2026-03-01,15.0,0.0,0.0,15.0,801.37,,Not Required,No,2026-03-04,2026-03-07,2026-03-25,2026-03-31,2026-04-05,2026-04-08,2026-04-10,,,2026-04-25,2026-04-26,Completed,,Order issued and tender closed,Order Issued,Closed,2026-04-26,56,0,Completed Within SLA
IOC/BD/26-27/080,SER,O-10,578.7,2026-03-02,6.0,0.0,0.0,6.0,629.81,,Reasonability,No,2026-03-06,2026-03-08,2026-03-26,2026-04-02,2026-04-06,2026-04-09,2026-04-11,2026-04-13,,2026-04-26,2026-04-27,Completed,,Order issued and tender closed,Order Issued,Closed,2026-04-27,56,0,Completed Within SLA
IOC/BD/26-27/081,MAT,O-03,670.67,2026-03-02,8.0,0.0,0.0,8.0,693.15,,Reasonability,No,2026-03-05,2026-03-09,2026-03-26,2026-04-02,2026-04-07,2026-04-10,2026-04-11,2026-04-14,,2026-04-27,2026-04-20,Completed,,Order issued and tender closed,Order Issued,Closed,2026-04-20,49,0,Completed Within SLA
IOC/BD/26-27/082,MAT,O-03,6927.75,2026-03-03,4.0,2.0,0.0,2.0,5138.99,,Workability,No,2026-03-08,2026-03-09,2026-03-26,2026-04-02,2026-04-11,2026-04-13,2026-04-13,2026-04-14,,2026-05-11,2026-05-24,Completed,,Order issued after SLA due to evaluation/approval delay,Order Issued,Closed,2026-05-24,82,22,Completed Delayed
IOC/BD/26-27/083,SER,O-10,2427.0,2026-03-04,3.0,0.0,0.0,3.0,1906.15,,Workability,No,2026-03-08,2026-03-11,2026-03-27,2026-04-05,2026-04-09,2026-04-14,2026-04-12,2026-04-15,,2026-05-20,2026-05-25,Completed,,Order issued after SLA due to evaluation/approval delay,Order Issued,Closed,2026-05-25,82,22,Completed Delayed
IOC/BD/26-27/084,SER,O-06,3453.12,2026-03-05,8.0,0.0,0.0,8.0,4120.47,3548.06,Reasonability,Yes,2026-03-08,2026-03-11,2026-03-29,2026-04-04,2026-04-09,2026-04-13,2026-04-14,2026-04-17,2026-04-21,2026-04-26,2026-04-24,Completed,,Order issued and tender closed,Order Issued,Closed,2026-04-24,50,0,Completed Within SLA
IOC/BD/26-27/085,SER,O-09,3953.43,2026-03-05,8.0,0.0,0.0,8.0,4077.01,,Reasonability,No,2026-03-09,2026-03-13,2026-03-31,2026-04-09,2026-04-10,2026-04-12,2026-04-15,2026-04-17,,2026-05-15,2026-05-09,Completed,,Order issued after SLA due to evaluation/approval delay,Order Issued,Closed,2026-05-09,65,5,Completed Delayed
IOC/BD/26-27/086,SER,O-09,72.89,2026-03-06,3.0,0.0,0.0,3.0,78.57,,Reasonability,No,2026-03-10,2026-03-12,2026-03-29,2026-04-05,2026-04-11,2026-04-14,2026-04-14,2026-04-17,,2026-04-21,2026-04-26,Completed,,Order issued and tender closed,Order Issued,Closed,2026-04-26,51,0,Completed Within SLA
IOC/BD/26-27/087,SER,O-06,537.45,2026-03-07,16.0,6.0,0.0,10.0,429.75,,Workability,No,2026-03-12,2026-03-15,2026-04-02,2026-04-09,2026-04-14,2026-04-14,2026-04-18,2026-04-22,,2026-05-21,2026-05-25,Completed,,Order issued after SLA due to evaluation/approval delay,Order Issued,Closed,2026-05-25,79,19,Completed Delayed
IOC/BD/26-27/088,MAT,O-03,902.64,2026-03-08,19.0,0.0,0.0,19.0,782.25,,Not Required,No,2026-03-12,2026-03-15,2026-04-01,2026-04-08,2026-04-12,2026-04-16,2026-04-16,,,2026-04-23,2026-04-30,Completed,,Order issued and tender closed,Order Issued,Closed,2026-04-30,53,0,Completed Within SLA
IOC/BD/26-27/089,SER,O-09,2316.87,2026-03-08,6.0,0.0,0.0,6.0,1697.5,,Workability,No,2026-03-11,2026-03-14,2026-04-01,2026-04-07,2026-04-12,2026-04-16,2026-04-17,2026-04-19,,2026-04-27,2026-05-03,Completed,,Order issued and tender closed,Order Issued,Closed,2026-05-03,56,0,Completed Within SLA
IOC/BD/26-27/090,SER,O-06,10.48,2026-03-09,,,,,,,,No,2026-03-12,,,,,,,,,,,Under Process,,Tender floated; bids awaited,Pending Tender Floating,GM Contracts,2026-06-26,109,49,Running Delayed
IOC/BD/26-27/091,SER,O-09,364.15,2026-03-10,11.0,9.0,1.0,1.0,,,,No,2026-03-13,2026-03-16,2026-04-02,2026-04-09,2026-04-14,,,,,,,Cancelled,Less than 2 bidders left after evaluation,Tender cancelled as less than 2 bidders remained after evaluation,Pending PBO Approval,GM Contracts / Finance GM,2026-06-26,108,48,Cancelled
IOC/BD/26-27/092,MAT,O-03,70.22,2026-03-11,4.0,0.0,0.0,4.0,,,,No,2026-03-16,2026-03-18,2026-04-06,2026-04-12,2026-04-16,,,,,,,Under Process,,File forwarded for PBO approval,Pending PBO Approval,GM Contracts / Finance GM,2026-06-26,107,47,Running Delayed
IOC/BD/26-27/093,MAT,O-03,355.87,2026-03-11,9.0,0.0,0.0,9.0,369.1,,Reasonability,No,2026-03-16,2026-03-17,2026-04-06,2026-04-11,2026-04-18,2026-04-20,2026-04-21,2026-04-23,,2026-05-25,2026-06-06,Completed,,Order issued after SLA due to evaluation/approval delay,Order Issued,Closed,2026-06-06,87,27,Completed Delayed
IOC/BD/26-27/094,MAT,O-03,78.59,2026-03-12,20.0,5.0,0.0,15.0,55.51,,Workability,No,2026-03-16,2026-03-18,2026-04-05,2026-04-12,2026-04-17,2026-04-19,2026-04-20,2026-04-23,,2026-04-26,2026-05-03,Completed,,Order issued and tender closed,Order Issued,Closed,2026-05-03,52,0,Completed Within SLA
IOC/BD/26-27/095,SER,O-09,304.96,2026-03-13,9.0,0.0,0.0,9.0,286.73,258.8,Not Required,Yes,2026-03-17,2026-03-20,2026-04-07,2026-04-14,2026-04-21,2026-04-20,2026-04-23,,2026-04-30,,,Under Process,,Award approval under process,Pending Award Approval,GM Contracts / Finance GM,2026-06-26,105,45,Running Delayed
IOC/BD/26-27/096,MAT,O-02,78.37,2026-03-14,9.0,4.0,0.0,5.0,76.57,,Not Required,No,2026-03-17,2026-03-22,2026-04-09,2026-04-13,2026-04-22,2026-04-24,2026-04-24,,,,,Under Process,,Negotiation in progress; revised offer awaited,Pending Workability/Reasonability,Finance GM,2026-06-26,104,44,Running Delayed
IOC/BD/26-27/097,SER,O-09,418.51,2026-03-14,5.0,0.0,0.0,5.0,317.9,287.71,Workability,Yes,2026-03-19,2026-03-20,2026-04-09,2026-04-14,2026-04-22,2026-04-23,2026-04-23,2026-04-29,2026-05-02,,,Under Process,,Award approval under process,Pending Award Approval,GM Contracts / Finance GM,2026-06-26,104,44,Running Delayed
IOC/BD/26-27/098,WRK,O-04,32.12,2026-03-15,8.0,0.0,0.0,8.0,33.13,,Reasonability,No,2026-03-20,2026-03-23,2026-04-10,2026-04-18,2026-04-20,2026-04-25,2026-04-26,2026-04-27,,,,Under Process,,Negotiation in progress; revised offer awaited,Pending Award Approval,GM Contracts / Finance GM,2026-06-26,103,43,Running Delayed
IOC/BD/26-27/099,SER,O-04,703.23,2026-03-16,9.0,0.0,0.0,9.0,680.43,,Not Required,No,2026-03-20,2026-03-23,2026-04-08,2026-04-15,2026-04-20,2026-04-24,2026-04-24,,,2026-05-10,2026-05-13,Completed,,Order issued and tender closed,Order Issued,Closed,2026-05-13,58,0,Completed Within SLA
IOC/BD/26-27/100,SER,O-06,11.25,2026-03-17,6.0,1.0,0.0,5.0,9.12,,Workability,No,2026-03-22,2026-03-23,2026-04-10,2026-04-19,2026-04-22,2026-04-26,2026-04-25,,,,,Under Process,,Price reasonability/workability under review,Pending Workability/Reasonability,Finance GM,2026-06-26,101,41,Running Delayed
IOC/BD/26-27/101,SER,O-06,434.26,2026-03-17,9.0,0.0,0.0,9.0,360.26,,Workability,No,2026-03-21,2026-03-23,2026-04-11,2026-04-18,2026-04-22,2026-04-25,2026-04-28,,,,,Under Process,,Price reasonability/workability under review,Pending Workability/Reasonability,Finance GM,2026-06-26,101,41,Running Delayed
IOC/BD/26-27/102,SER,O-06,402.46,2026-03-18,4.0,2.0,0.0,2.0,416.75,,Reasonability,No,2026-03-22,2026-03-24,2026-04-13,2026-04-21,2026-04-24,2026-04-28,2026-04-28,,,,,Under Process,,Price reasonability/workability under review,Pending Workability/Reasonability,Finance GM,2026-06-26,100,40,Running Delayed
IOC/BD/26-27/103,SER,O-10,695.56,2026-03-19,17.0,0.0,0.0,17.0,,,,No,2026-03-23,2026-03-25,2026-04-11,2026-04-19,2026-04-23,2026-04-26,,,,,,Under Process,,Price comparison statement under preparation,Pending Price Comparison,Officer,2026-06-26,99,39,Running Delayed
IOC/BD/26-27/104,WRK,O-04,9463.54,2026-03-20,7.0,0.0,0.0,7.0,8771.59,7570.06,Not Required,Yes,2026-03-25,2026-03-27,2026-04-15,2026-04-20,2026-04-27,2026-04-28,2026-04-28,,2026-05-08,,,Under Process,,Award approval under process,Pending Award Approval,GM Contracts / Finance GM,2026-06-26,98,38,Running Delayed
IOC/BD/26-27/105,SER,O-09,65.88,2026-03-20,4.0,0.0,0.0,4.0,74.12,,Reasonability,No,2026-03-25,2026-03-28,2026-04-14,2026-04-19,2026-04-24,2026-04-28,2026-04-30,,,,,Under Process,,Price reasonability/workability under review,Pending Workability/Reasonability,Finance GM,2026-06-26,98,38,Running Delayed
IOC/BD/26-27/106,SER,O-04,589.29,2026-03-21,2.0,,,,,,,No,2026-03-24,2026-03-27,2026-04-13,,,,,,,,,Cancelled,Less than 3 bidders participated,Tender cancelled due to less than 3 bidders,Pending TBA,Officer,2026-06-26,97,37,Cancelled
IOC/BD/26-27/107,MAT,O-01,53.38,2026-03-22,3.0,0.0,0.0,3.0,54.58,,Reasonability,No,2026-03-26,2026-03-29,2026-04-14,2026-04-21,2026-04-27,2026-04-29,2026-04-30,2026-05-04,,2026-05-12,2026-05-07,Completed,,Order issued and tender closed,Order Issued,Closed,2026-05-07,46,0,Completed Within SLA
IOC/BD/26-27/108,SER,O-06,40.28,2026-03-23,4.0,0.0,0.0,4.0,43.11,,Reasonability,No,2026-03-26,2026-03-30,2026-04-17,2026-04-26,2026-05-01,2026-05-02,2026-05-04,,,,,Under Process,,Price reasonability/workability under review,Pending Workability/Reasonability,Finance GM,2026-06-26,95,35,Running Delayed
IOC/BD/26-27/109,SER,O-05,22.91,2026-03-23,10.0,0.0,0.0,10.0,16.26,,Workability,No,2026-03-27,2026-03-30,2026-04-15,2026-04-22,2026-04-27,2026-05-01,2026-05-01,2026-05-04,,2026-05-06,2026-05-18,Completed,,Order issued and tender closed,Order Issued,Closed,2026-05-18,56,0,Completed Within SLA
IOC/BD/26-27/110,SER,O-04,525.97,2026-03-24,4.0,0.0,0.0,4.0,,,,No,2026-03-29,2026-04-01,2026-04-19,2026-04-24,2026-04-30,2026-05-02,,,,,,Under Process,,Price comparison statement under preparation,Pending Price Comparison,Officer,2026-06-26,94,34,Running Delayed
IOC/BD/26-27/111,SER,O-10,18.61,2026-03-25,6.0,0.0,0.0,6.0,22.61,19.66,Reasonability,Yes,2026-03-28,2026-03-31,2026-04-17,2026-04-24,2026-04-29,2026-05-03,2026-05-03,2026-05-07,2026-05-11,2026-05-14,2026-05-09,Completed,,Order issued and tender closed,Order Issued,Closed,2026-05-09,45,0,Completed Within SLA
IOC/BD/26-27/112,MAT,O-03,98.9,2026-03-26,7.0,0.0,0.0,7.0,107.35,,Reasonability,No,2026-03-29,2026-04-01,2026-04-19,2026-04-29,2026-05-01,2026-05-06,2026-05-07,2026-05-11,,2026-05-26,2026-05-31,Completed,,Order issued after SLA due to evaluation/approval delay,Order Issued,Closed,2026-05-31,66,6,Completed Delayed
IOC/BD/26-27/113,MAT,O-02,553.5,2026-03-26,12.0,0.0,0.0,12.0,498.48,,Not Required,No,2026-03-29,2026-04-02,2026-04-19,2026-04-25,2026-04-30,2026-05-04,2026-05-05,,,2026-05-06,2026-05-10,Completed,,Order issued and tender closed,Order Issued,Closed,2026-05-10,45,0,Completed Within SLA
IOC/BD/26-27/114,MAT,O-03,960.73,2026-03-27,5.0,0.0,0.0,5.0,844.45,,Not Required,No,2026-03-30,2026-04-04,2026-04-22,2026-04-30,2026-05-02,2026-05-08,2026-05-05,,,2026-06-11,2026-06-21,Completed,,Order issued after SLA due to evaluation/approval delay,Order Issued,Closed,2026-06-21,86,26,Completed Delayed
IOC/BD/26-27/115,SER,O-09,94.38,2026-03-28,6.0,0.0,0.0,6.0,101.45,,Reasonability,No,2026-04-01,2026-04-04,2026-04-20,2026-04-27,2026-05-02,2026-05-06,2026-05-06,2026-05-10,,2026-05-09,2026-05-20,Completed,,Order issued and tender closed,Order Issued,Closed,2026-05-20,53,0,Completed Within SLA
IOC/BD/26-27/116,SER,O-09,8594.65,2026-03-29,5.0,2.0,0.0,3.0,9255.81,,Reasonability,No,2026-04-02,2026-04-05,2026-04-21,2026-04-29,2026-05-04,2026-05-09,2026-05-10,2026-05-13,,2026-06-10,2026-06-15,Completed,,Order issued after SLA due to evaluation/approval delay,Order Issued,Closed,2026-06-15,78,18,Completed Delayed
IOC/BD/26-27/117,SER,O-07,638.15,2026-03-29,9.0,2.0,2.0,5.0,681.19,615.29,Reasonability,Yes,2026-04-02,2026-04-05,2026-04-22,2026-04-28,2026-05-04,2026-05-06,2026-05-10,2026-05-14,2026-05-15,2026-05-22,,Under Process,,Award approved; order issuance pending,Pending Order Issue,Officer,2026-06-26,89,29,Running Delayed
IOC/BD/26-27/118,SER,O-08,23.44,2026-03-30,9.0,0.0,0.0,9.0,19.5,,Workability,No,2026-04-02,2026-04-05,2026-04-23,2026-04-29,2026-05-05,2026-05-08,2026-05-09,2026-05-12,,2026-05-23,2026-05-15,Completed,,Order issued and tender closed,Order Issued,Closed,2026-05-15,46,0,Completed Within SLA
IOC/BD/26-27/119,SER,O-06,588.47,2026-03-31,7.0,1.0,0.0,6.0,657.94,604.47,Reasonability,Yes,2026-04-04,2026-04-07,2026-04-25,2026-05-05,2026-05-07,2026-05-09,2026-05-12,2026-05-12,2026-05-19,2026-06-18,2026-06-14,Completed,,Order issued after SLA due to evaluation/approval delay,Order Issued,Closed,2026-06-14,75,15,Completed Delayed
IOC/BD/26-27/120,SER,O-09,93.67,2026-04-01,9.0,0.0,2.0,7.0,,,,No,2026-04-05,2026-04-07,2026-04-25,2026-05-04,2026-05-08,2026-05-12,,,,,,Under Process,,Price comparison statement under preparation,Pending Price Comparison,Officer,2026-06-26,86,26,Running Delayed
IOC/BD/26-27/121,SER,O-04,166.9,2026-04-01,3.0,0.0,0.0,3.0,177.87,,Reasonability,No,2026-04-06,2026-04-09,2026-04-25,2026-05-02,2026-05-08,2026-05-12,2026-05-11,,,,,Under Process,,Price reasonability/workability under review,Pending Workability/Reasonability,Finance GM,2026-06-26,86,26,Running Delayed
IOC/BD/26-27/122,MAT,O-02,94.33,2026-04-02,7.0,0.0,0.0,7.0,91.04,78.44,Not Required,Yes,2026-04-07,2026-04-10,2026-04-26,2026-05-03,2026-05-10,2026-05-10,2026-05-12,,2026-05-21,2026-05-23,,Under Process,,Award approved; order issuance pending,Pending Order Issue,Officer,2026-06-26,85,25,Running Delayed
IOC/BD/26-27/123,MAT,O-01,37.58,2026-04-03,4.0,2.0,0.0,2.0,29.24,26.55,Workability,Yes,2026-04-08,2026-04-10,2026-04-26,2026-05-04,2026-05-10,2026-05-14,2026-05-12,2026-05-15,2026-05-22,,,Under Process,,Award approval under process,Pending Award Approval,GM Contracts / Finance GM,2026-06-26,84,24,Running Delayed
IOC/BD/26-27/124,SER,O-07,8420.6,2026-04-04,3.0,1.0,0.0,2.0,8326.43,,Not Required,No,2026-04-07,2026-04-10,2026-04-29,2026-05-05,2026-05-13,2026-05-12,2026-05-13,,,2026-06-18,2026-06-06,Completed,,Order issued after SLA due to evaluation/approval delay,Order Issued,Closed,2026-06-06,63,3,Completed Delayed
IOC/BD/26-27/125,SER,O-05,498.85,2026-04-04,4.0,1.0,0.0,3.0,475.83,423.16,Not Required,Yes,2026-04-08,2026-04-10,2026-04-30,2026-05-07,2026-05-10,2026-05-14,2026-05-15,,2026-05-23,2026-05-25,,Under Process,,Award approved; order issuance pending,Pending Order Issue,Officer,2026-06-26,83,23,Running Delayed
IOC/BD/26-27/126,SER,O-04,11.45,2026-04-05,3.0,0.0,0.0,3.0,8.37,,Workability,No,2026-04-10,2026-04-13,2026-04-28,2026-05-05,2026-05-11,2026-05-16,2026-05-14,2026-05-17,,,,Under Process,,Negotiation in progress; revised offer awaited,Pending Award Approval,GM Contracts / Finance GM,2026-06-26,82,22,Running Delayed
IOC/BD/26-27/127,MAT,O-03,4395.98,2026-04-06,5.0,0.0,0.0,5.0,3446.59,,Workability,No,2026-04-09,2026-04-12,2026-04-30,2026-05-07,2026-05-11,2026-05-15,2026-05-16,2026-05-19,,2026-05-16,2026-05-23,Completed,,Order issued and tender closed,Order Issued,Closed,2026-05-23,47,0,Completed Within SLA
IOC/BD/26-27/128,SER,O-06,703.09,2026-04-07,7.0,1.0,,,,,,No,2026-04-11,2026-04-13,2026-05-02,2026-05-07,,,,,,,,Under Process,,Commercial evaluation in progress,Pending CBA,Officer,2026-06-26,80,20,Running Delayed
IOC/BD/26-27/129,MAT,O-02,205.59,2026-04-07,4.0,,,,,,,No,2026-04-12,2026-04-13,2026-05-02,,,,,,,,,Under Process,,Technical evaluation in progress,Pending TBA,Officer,2026-06-26,80,20,Running Delayed
IOC/BD/26-27/130,WRK,O-05,851.36,2026-04-08,7.0,0.0,0.0,7.0,706.67,,Workability,No,2026-04-11,2026-04-15,2026-05-01,2026-05-09,2026-05-13,2026-05-16,2026-05-17,2026-05-20,,2026-05-31,2026-06-01,Completed,,Order issued and tender closed,Order Issued,Closed,2026-06-01,54,0,Completed Within SLA
IOC/BD/26-27/131,SER,O-10,635.23,2026-04-09,6.0,0.0,0.0,6.0,673.76,,Reasonability,No,2026-04-14,2026-04-15,2026-05-03,2026-05-12,2026-05-14,2026-05-19,2026-05-22,2026-05-23,,2026-06-13,2026-06-15,Completed,,Order issued after SLA due to evaluation/approval delay,Order Issued,Closed,2026-06-15,67,7,Completed Delayed
IOC/BD/26-27/132,SER,O-10,532.55,2026-04-10,6.0,0.0,0.0,6.0,549.28,,Reasonability,No,2026-04-14,2026-04-17,2026-05-04,2026-05-10,2026-05-15,2026-05-18,2026-05-19,2026-05-23,,2026-05-29,2026-05-27,Completed,,Order issued and tender closed,Order Issued,Closed,2026-05-27,47,0,Completed Within SLA
IOC/BD/26-27/133,MAT,O-03,390.46,2026-04-10,5.0,0.0,0.0,5.0,344.84,297.88,Not Required,Yes,2026-04-15,2026-04-17,2026-05-04,2026-05-12,2026-05-17,2026-05-21,2026-05-19,,2026-05-27,,,Under Process,,Award approval under process,Pending Award Approval,GM Contracts / Finance GM,2026-06-26,77,17,Running Delayed
IOC/BD/26-27/134,WRK,O-08,342.95,2026-04-11,5.0,0.0,0.0,5.0,301.42,,Not Required,No,2026-04-14,2026-04-17,2026-05-04,2026-05-11,2026-05-16,2026-05-20,2026-05-21,,,2026-05-26,2026-06-01,Completed,,Order issued and tender closed,Order Issued,Closed,2026-06-01,51,0,Completed Within SLA
IOC/BD/26-27/135,SER,O-08,90.32,2026-04-12,9.0,3.0,0.0,6.0,66.48,,Workability,No,2026-04-16,2026-04-18,2026-05-06,2026-05-12,2026-05-18,2026-05-20,2026-05-22,2026-05-24,,2026-06-06,2026-05-31,Completed,,Order issued and tender closed,Order Issued,Closed,2026-05-31,49,0,Completed Within SLA
IOC/BD/26-27/136,MAT,O-02,91.53,2026-04-13,5.0,0.0,0.0,5.0,85.15,,Not Required,No,2026-04-16,2026-04-21,2026-05-09,2026-05-18,2026-05-23,2026-05-23,2026-05-23,,,2026-06-22,2026-06-25,Completed,,Order issued after SLA due to evaluation/approval delay,Order Issued,Closed,2026-06-25,73,13,Completed Delayed
IOC/BD/26-27/137,MAT,O-03,37.82,2026-04-14,7.0,0.0,0.0,7.0,43.01,39.35,Reasonability,Yes,2026-04-18,2026-04-22,2026-05-08,2026-05-18,2026-05-19,2026-05-23,2026-05-24,2026-05-30,2026-06-03,,,Under Process,,Award approval under process,Pending Award Approval,GM Contracts / Finance GM,2026-06-26,73,13,Running Delayed
IOC/BD/26-27/138,MAT,O-01,99.39,2026-04-14,,,,,,,,No,2026-04-17,2026-04-20,,,,,,,,,,Cancelled,Change in PQC after tender floating,Tender cancelled due to change in PQC after floating,Pending Technical Bid Opening,Officer,2026-06-26,73,13,Cancelled
IOC/BD/26-27/139,SER,O-07,635.98,2026-04-15,,,,,,,,No,2026-04-19,2026-04-23,,,,,,,,,,Under Process,,Technical bid opening due,Pending Technical Bid Opening,Officer,2026-06-26,72,12,Running Delayed
IOC/BD/26-27/140,WRK,O-05,51.53,2026-04-16,7.0,0.0,0.0,7.0,36.36,33.41,Workability,Yes,2026-04-21,2026-04-22,2026-05-12,2026-05-18,2026-05-24,2026-05-25,2026-05-28,2026-06-01,2026-06-04,2026-06-05,,Under Process,,Award approved; order issuance pending,Pending Order Issue,Officer,2026-06-26,71,11,Running Delayed
IOC/BD/26-27/141,SER,O-06,63.06,2026-04-17,7.0,0.0,0.0,7.0,66.24,,Reasonability,No,2026-04-20,2026-04-23,2026-05-11,2026-05-18,2026-05-22,2026-05-26,2026-05-27,2026-05-29,,2026-06-10,2026-06-14,Completed,,Order issued and tender closed,Order Issued,Closed,2026-06-14,58,0,Completed Within SLA
IOC/BD/26-27/142,SER,O-08,6029.5,2026-04-17,7.0,0.0,0.0,7.0,6311.6,,Reasonability,No,2026-04-21,2026-04-24,2026-05-11,2026-05-18,2026-05-22,2026-05-25,2026-05-27,2026-05-29,,2026-06-04,2026-06-13,Completed,,Order issued and tender closed,Order Issued,Closed,2026-06-13,57,0,Completed Within SLA
IOC/BD/26-27/143,SER,O-07,62.75,2026-04-18,12.0,3.0,0.0,9.0,70.62,61.29,Reasonability,Yes,2026-04-23,2026-04-26,2026-05-11,2026-05-21,2026-05-23,2026-05-29,2026-05-29,2026-06-03,2026-06-04,2026-06-09,,Under Process,,Award approved; order issuance pending,Pending Order Issue,Officer,2026-06-26,69,9,Running Delayed
IOC/BD/26-27/144,SER,O-10,6546.82,2026-04-19,6.0,0.0,0.0,6.0,5728.86,4985.91,Not Required,Yes,2026-04-23,2026-04-25,2026-05-15,2026-05-19,2026-05-25,2026-05-27,2026-05-30,,2026-06-05,2026-06-12,,Under Process,,Award approved; order issuance pending,Pending Order Issue,Officer,2026-06-26,68,8,Running Delayed
IOC/BD/26-27/145,SER,O-09,70.41,2026-04-20,3.0,1.0,,,,,,No,2026-04-23,2026-04-27,2026-05-16,2026-05-22,,,,,,,,Under Process,,Commercial evaluation in progress,Pending CBA,Officer,2026-06-26,67,7,Running Delayed
IOC/BD/26-27/146,SER,O-07,7110.97,2026-04-20,9.0,0.0,0.0,9.0,6691.67,,Not Required,No,2026-04-25,2026-04-26,2026-05-13,2026-05-21,2026-05-26,2026-06-01,2026-05-30,,,2026-06-20,2026-06-26,Completed,,Order issued after SLA due to evaluation/approval delay,Order Issued,Closed,2026-06-26,67,7,Completed Delayed
IOC/BD/26-27/147,SER,O-05,804.93,2026-04-21,6.0,0.0,0.0,6.0,777.52,669.85,Not Required,Yes,2026-04-25,2026-04-27,2026-05-15,2026-05-21,2026-05-29,2026-05-29,2026-06-02,,2026-06-07,2026-06-12,,Under Process,,Award approved; order issuance pending,Pending Order Issue,Officer,2026-06-26,66,6,Running Delayed
IOC/BD/26-27/148,MAT,O-01,3626.28,2026-04-22,5.0,0.0,0.0,5.0,4291.88,3893.39,Reasonability,Yes,2026-04-25,2026-04-28,2026-05-15,2026-05-22,2026-05-27,2026-05-30,2026-06-01,2026-06-03,2026-06-08,2026-06-13,2026-06-14,Completed,,Order issued and tender closed,Order Issued,Closed,2026-06-14,53,0,Completed Within SLA
IOC/BD/26-27/149,SER,O-09,58.77,2026-04-23,16.0,0.0,0.0,16.0,60.79,,Reasonability,No,2026-04-27,2026-05-01,2026-05-16,2026-05-26,2026-05-28,2026-06-03,2026-06-04,2026-06-04,,,,Under Process,,Negotiation in progress; revised offer awaited,Pending Award Approval,GM Contracts / Finance GM,2026-06-26,64,4,Running Delayed
IOC/BD/26-27/150,WRK,O-08,403.67,2026-04-23,11.0,0.0,0.0,11.0,361.77,,Not Required,No,2026-04-26,2026-04-29,2026-05-17,2026-05-24,2026-05-28,2026-05-31,2026-06-02,,,2026-06-07,2026-06-21,Completed,,Order issued and tender closed,Order Issued,Closed,2026-06-21,59,0,Completed Within SLA
IOC/BD/26-27/151,SER,O-07,966.76,2026-04-24,,,,,,,,No,2026-04-27,2026-04-30,,,,,,,,,,Under Process,,Technical bid opening due,Pending Technical Bid Opening,Officer,2026-06-26,63,3,Running Delayed
IOC/BD/26-27/152,MAT,O-03,776.39,2026-04-25,,,,,,,,No,,,,,,,,,,,,Under Process,,NIT draft under preparation,Pending NIT,Officer,2026-06-26,62,2,Running Delayed
IOC/BD/26-27/153,SER,O-06,294.23,2026-04-26,,,,,,,,No,2026-04-29,,,,,,,,,,,Under Process,,Tender floated; bids awaited,Pending Tender Floating,GM Contracts,2026-06-26,61,1,Running Delayed
IOC/BD/26-27/154,SER,O-07,33.41,2026-04-26,,,,,,,,No,2026-04-30,,,,,,,,,,,Under Process,,Tender floated; bids awaited,Pending Tender Floating,GM Contracts,2026-06-26,61,1,Running Delayed
IOC/BD/26-27/155,SER,O-10,700.15,2026-04-27,7.0,,,,,,,No,2026-05-01,2026-05-03,2026-05-22,,,,,,,,,Under Process,,Technical evaluation in progress,Pending TBA,Officer,2026-06-26,60,0,Running Within SLA
IOC/BD/26-27/156,SER,O-04,816.27,2026-04-28,,,,,,,,No,2026-05-03,,,,,,,,,,,Under Process,,Tender floated; bids awaited,Pending Tender Floating,GM Contracts,2026-06-26,59,0,Running Within SLA
IOC/BD/26-27/157,SER,O-10,475.73,2026-04-29,,,,,,,,No,,,,,,,,,,,,Under Process,,NIT draft under preparation,Pending NIT,Officer,2026-06-26,58,0,Running Within SLA
IOC/BD/26-27/158,SER,O-06,482.8,2026-04-29,,,,,,,,No,2026-05-04,,,,,,,,,,,Under Process,,Tender floated; bids awaited,Pending Tender Floating,GM Contracts,2026-06-26,58,0,Running Within SLA
IOC/BD/26-27/159,SER,O-04,762.29,2026-04-30,6.0,3.0,0.0,3.0,755.35,,,No,2026-05-03,2026-05-06,2026-05-23,2026-05-30,2026-06-04,2026-06-07,2026-06-08,,,,,Cancelled,L1 bidder backed out after PBO,Tender cancelled as L1 bidder backed out after PBO,Pending Workability/Reasonability,Finance GM,2026-06-26,57,0,Cancelled
IOC/BD/26-27/160,WRK,O-06,336.51,2026-05-01,,,,,,,,No,2026-05-06,,,,,,,,,,,Under Process,,Tender floated; bids awaited,Pending Tender Floating,GM Contracts,2026-06-26,56,0,Running Within SLA
IOC/BD/26-27/161,SER,O-08,23.01,2026-05-02,,,,,,,,No,,,,,,,,,,,,Under Process,,File received; NIT preparation to be initiated,Pending NIT,Officer,2026-06-26,55,0,Running Within SLA
IOC/BD/26-27/162,SER,O-06,78.84,2026-05-02,,,,,,,,No,,,,,,,,,,,,Under Process,,NIT draft under preparation,Pending NIT,Officer,2026-06-26,55,0,Running Within SLA
IOC/BD/26-27/163,SER,O-04,3353.74,2026-05-03,,,,,,,,No,2026-05-06,2026-05-11,,,,,,,,,,Under Process,,Technical bid opening due,Pending Technical Bid Opening,Officer,2026-06-26,54,0,Running Within SLA
IOC/BD/26-27/164,MAT,O-01,71.32,2026-05-04,3.0,,,,,,,No,2026-05-09,2026-05-11,2026-05-30,,,,,,,,,Under Process,,Technical evaluation in progress,Pending TBA,Officer,2026-06-26,53,0,Running Within SLA
IOC/BD/26-27/165,MAT,O-02,8570.83,2026-05-05,6.0,0.0,0.0,6.0,,,,No,2026-05-08,2026-05-12,2026-05-31,2026-06-04,2026-06-10,,,,,,,Under Process,,File forwarded for PBO approval,Pending PBO Approval,GM Contracts / Finance GM,2026-06-26,52,0,Running Within SLA
IOC/BD/26-27/166,MAT,O-02,489.61,2026-05-05,8.0,0.0,0.0,8.0,,,,No,2026-05-10,2026-05-11,2026-05-31,2026-06-08,2026-06-11,,,,,,,Under Process,,File forwarded for PBO approval,Pending PBO Approval,GM Contracts / Finance GM,2026-06-26,52,0,Running Within SLA
IOC/BD/26-27/167,MAT,O-02,715.66,2026-05-06,9.0,4.0,0.0,5.0,,,,No,2026-05-10,2026-05-12,2026-05-31,2026-06-06,2026-06-11,,,,,,,Under Process,,File forwarded for PBO approval,Pending PBO Approval,GM Contracts / Finance GM,2026-06-26,51,0,Running Within SLA
IOC/BD/26-27/168,MAT,O-01,1902.3,2026-05-07,19.0,,,,,,,No,2026-05-11,2026-05-14,2026-06-01,,,,,,,,,Under Process,,Technical evaluation in progress,Pending TBA,Officer,2026-06-26,50,0,Running Within SLA
IOC/BD/26-27/169,MAT,O-02,9638.59,2026-05-08,,,,,,,,No,2026-05-13,2026-05-14,,,,,,,,,,Under Process,,Technical bid opening due,Pending Technical Bid Opening,Officer,2026-06-26,49,0,Running Within SLA
IOC/BD/26-27/170,SER,O-06,5275.13,2026-05-08,,,,,,,,No,2026-05-11,,,,,,,,,,,Under Process,,Tender floated; bids awaited,Pending Tender Floating,GM Contracts,2026-06-26,49,0,Running Within SLA
IOC/BD/26-27/171,SER,O-04,371.24,2026-05-09,,,,,,,,No,2026-05-12,2026-05-17,,,,,,,,,,Under Process,,Technical bid opening due,Pending Technical Bid Opening,Officer,2026-06-26,48,0,Running Within SLA
IOC/BD/26-27/172,MAT,O-01,4947.94,2026-05-10,,,,,,,,No,2026-05-15,,,,,,,,,,,Under Process,,Tender floated; bids awaited,Pending Tender Floating,GM Contracts,2026-06-26,47,0,Running Within SLA
IOC/BD/26-27/173,MAT,O-01,79.15,2026-05-11,3.0,,,,,,,No,2026-05-15,2026-05-18,2026-06-06,,,,,,,,,Under Process,,Technical evaluation in progress,Pending TBA,Officer,2026-06-26,46,0,Running Within SLA
IOC/BD/26-27/174,SER,O-05,560.8,2026-05-11,7.0,0.0,0.0,7.0,,,,No,2026-05-14,2026-05-17,2026-06-04,2026-06-13,2026-06-18,,,,,,,Under Process,,File forwarded for PBO approval,Pending PBO Approval,GM Contracts / Finance GM,2026-06-26,46,0,Running Within SLA
IOC/BD/26-27/175,SER,O-08,586.54,2026-05-12,18.0,0.0,,,,,,No,2026-05-15,2026-05-18,2026-06-06,2026-06-12,,,,,,,,Under Process,,Commercial evaluation in progress,Pending CBA,Officer,2026-06-26,45,0,Running Within SLA
IOC/BD/26-27/176,SER,O-10,3951.16,2026-05-13,9.0,0.0,,,,,,No,2026-05-17,2026-05-20,2026-06-07,2026-06-14,,,,,,,,Under Process,,Commercial evaluation in progress,Pending CBA,Officer,2026-06-26,44,0,Running Within SLA
IOC/BD/26-27/177,WRK,O-06,501.99,2026-05-14,,,,,,,,No,,,,,,,,,,,,Under Process,,File received; NIT preparation to be initiated,Pending NIT,Officer,2026-06-26,43,0,Running Within SLA
IOC/BD/26-27/178,MAT,O-01,556.99,2026-05-14,6.0,4.0,1.0,1.0,,,,No,2026-05-17,2026-05-20,2026-06-06,2026-06-13,2026-06-18,,,,,,,Cancelled,Less than 2 bidders left after evaluation,Tender cancelled as less than 2 bidders remained after evaluation,Pending PBO Approval,GM Contracts / Finance GM,2026-06-26,43,0,Cancelled
IOC/BD/26-27/179,MAT,O-03,61.92,2026-05-15,2.0,,,,,,,No,2026-05-18,2026-05-21,2026-06-07,,,,,,,,,Cancelled,Less than 3 bidders participated,Tender cancelled due to less than 3 bidders,Pending TBA,Officer,2026-06-26,42,0,Cancelled
IOC/BD/26-27/180,WRK,O-04,152.86,2026-05-16,9.0,3.0,0.0,6.0,,,,No,2026-05-21,2026-05-24,2026-06-10,2026-06-16,2026-06-22,,,,,,,Under Process,,File forwarded for PBO approval,Pending PBO Approval,GM Contracts / Finance GM,2026-06-26,41,0,Running Within SLA
IOC/BD/26-27/181,SER,O-10,59.78,2026-05-17,,,,,,,,No,,,,,,,,,,,,Under Process,,NIT draft under preparation,Pending NIT,Officer,2026-06-26,40,0,Running Within SLA
IOC/BD/26-27/182,SER,O-10,157.5,2026-05-17,,,,,,,,No,,,,,,,,,,,,Under Process,,NIT draft under preparation,Pending NIT,Officer,2026-06-26,40,0,Running Within SLA
IOC/BD/26-27/183,SER,O-10,46.2,2026-05-18,4.0,,,,,,,No,2026-05-23,2026-05-24,2026-06-12,,,,,,,,,Under Process,,Technical evaluation in progress,Pending TBA,Officer,2026-06-26,39,0,Running Within SLA
IOC/BD/26-27/184,SER,O-05,4935.39,2026-05-19,,,,,,,,No,,,,,,,,,,,,Under Process,,NIT draft under preparation,Pending NIT,Officer,2026-06-26,38,0,Running Within SLA
IOC/BD/26-27/185,MAT,O-02,80.93,2026-05-20,,,,,,,,No,2026-05-25,,,,,,,,,,,Under Process,,Tender floated; bids awaited,Pending Tender Floating,GM Contracts,2026-06-26,37,0,Running Within SLA
IOC/BD/26-27/186,MAT,O-02,626.75,2026-05-20,,,,,,,,No,,,,,,,,,,,,Under Process,,File received; NIT preparation to be initiated,Pending NIT,Officer,2026-06-26,37,0,Running Within SLA
IOC/BD/26-27/187,SER,O-10,639.18,2026-05-21,,,,,,,,No,2026-05-26,2026-05-28,,,,,,,,,,Under Process,,Technical bid opening due,Pending Technical Bid Opening,Officer,2026-06-26,36,0,Running Within SLA
IOC/BD/26-27/188,SER,O-05,6678.39,2026-05-22,,,,,,,,No,,,,,,,,,,,,Under Process,,File received; NIT preparation to be initiated,Pending NIT,Officer,2026-06-26,35,0,Running Within SLA
IOC/BD/26-27/189,SER,O-05,17.8,2026-05-23,,,,,,,,No,,,,,,,,,,,,Under Process,,File received; NIT preparation to be initiated,Pending NIT,Officer,2026-06-26,34,0,Running Within SLA
IOC/BD/26-27/190,WRK,O-08,685.78,2026-05-23,14.0,,,,,,,No,2026-05-28,2026-05-31,2026-06-18,,,,,,,,,Under Process,,Technical evaluation in progress,Pending TBA,Officer,2026-06-26,34,0,Running Within SLA
IOC/BD/26-27/191,SER,O-07,6117.91,2026-05-24,,,,,,,,No,,,,,,,,,,,,Under Process,,NIT draft under preparation,Pending NIT,Officer,2026-06-26,33,0,Running Within SLA
IOC/BD/26-27/192,SER,O-05,178.33,2026-05-25,,,,,,,,No,,,,,,,,,,,,Under Process,,NIT draft under preparation,Pending NIT,Officer,2026-06-26,32,0,Running Within SLA
IOC/BD/26-27/193,MAT,O-01,7409.26,2026-05-26,,,,,,,,No,,,,,,,,,,,,Under Process,,NIT draft under preparation,Pending NIT,Officer,2026-06-26,31,0,Running Within SLA
IOC/BD/26-27/194,MAT,O-02,417.42,2026-05-26,12.0,3.0,0.0,9.0,,,,No,2026-05-29,2026-06-01,2026-06-18,2026-06-26,2026-07-01,,,,,,,Under Process,,File forwarded for PBO approval,Pending PBO Approval,GM Contracts / Finance GM,2026-06-26,31,0,Running Within SLA
IOC/BD/26-27/195,SER,O-10,669.3,2026-05-27,,,,,,,,No,2026-06-01,2026-06-03,,,,,,,,,,Under Process,,Technical bid opening due,Pending Technical Bid Opening,Officer,2026-06-26,30,0,Running Within SLA
IOC/BD/26-27/196,WRK,O-05,9641.58,2026-05-28,,,,,,,,No,,,,,,,,,,,,Under Process,,NIT draft under preparation,Pending NIT,Officer,2026-06-26,29,0,Running Within SLA
IOC/BD/26-27/197,SER,O-10,63.6,2026-05-29,,,,,,,,No,2026-06-03,2026-06-04,,,,,,,,,,Under Process,,Technical bid opening due,Pending Technical Bid Opening,Officer,2026-06-26,28,0,Running Within SLA
IOC/BD/26-27/198,MAT,O-02,430.86,2026-05-29,,,,,,,,No,,,,,,,,,,,,Under Process,,File received; NIT preparation to be initiated,Pending NIT,Officer,2026-06-26,28,0,Running Within SLA
IOC/BD/26-27/199,WRK,O-04,194.72,2026-05-30,9.0,4.0,,,,,,No,2026-06-02,2026-06-05,2026-06-23,2026-06-30,,,,,,,,Under Process,,Commercial evaluation in progress,Pending CBA,Officer,2026-06-26,27,0,Running Within SLA
IOC/BD/26-27/200,MAT,O-01,4419.24,2026-05-31,9.0,0.0,0.0,9.0,,,,No,2026-06-05,2026-06-06,2026-06-26,2026-07-01,2026-07-06,,,,,,,Under Process,,File forwarded for PBO approval,Pending PBO Approval,GM Contracts / Finance GM,2026-06-26,26,0,Running Within SLA
